{"cameraMode":{"drawMode":0,"name":"Shaded","section":"Shading Mode"},"sceneLighting":true,"audioPlay":false,"sceneViewState":{"m_AlwaysRefresh":false,"showFog":true,"showSkybox":true,"showFlares":true,"showImageEffects":true,"showParticleSystems":true,"showVisualEffectGraphs":true,"m_FxEnabled":true},"in2DMode":false,"pivot":{"x":-10.511202812194825,"y":0.31781435012817385,"z":-7.428123950958252},"rotation":{"x":0.21686075627803803,"y":-0.6892513632774353,"z":0.22917596995830537,"w":0.6522150635719299},"size":11.561899185180664,"orthographic":true}