{"cameraMode":{"drawMode":0,"name":"Shaded","section":"Shading Mode"},"sceneLighting":false,"audioPlay":false,"sceneViewState":{"m_AlwaysRefresh":false,"showFog":true,"showSkybox":false,"showFlares":true,"showImageEffects":true,"showParticleSystems":true,"showVisualEffectGraphs":true,"m_FxEnabled":true},"in2DMode":false,"pivot":{"x":2.928461790084839,"y":0.29740050435066225,"z":-0.35690003633499148},"rotation":{"x":-0.037880200892686847,"y":-0.9596808552742004,"z":0.22875390946865083,"w":-0.15891677141189576},"size":0.8646575212478638,"orthographic":false}