{"cameraMode":{"drawMode":0,"name":"Shaded","section":"Shading Mode"},"sceneLighting":false,"audioPlay":false,"sceneViewState":{"m_AlwaysRefresh":false,"showFog":true,"showSkybox":false,"showFlares":true,"showImageEffects":true,"showParticleSystems":true,"showVisualEffectGraphs":true,"m_FxEnabled":true},"in2DMode":false,"pivot":{"x":3.7765941619873049,"y":2.7949423789978029,"z":-0.48868095874786379},"rotation":{"x":0.18081779778003694,"y":0.6627013087272644,"z":-0.16956691443920136,"w":0.7066712379455566},"size":6.516139984130859,"orthographic":false}